Job Title,Company,Location,Date Posted,Job Link
Senior Data Engineer,Alqen,ğŸŒ Worldwide,1yr,https://remoteok.com/remote-jobs/remote-senior-data-engineer-alqen-664520
Principal Software Engineer Data Scientist,Cardlytics,ğŸŒ Probably worldwide,3yr,https://remoteok.com/remote-jobs/109456-remote-principal-software-engineer-data-scientist-cardlytics
Principal Software Engineer Applied Science Data Science,Cardlytics,ğŸŒ Probably worldwide,4yr,https://remoteok.com/remote-jobs/109197-remote-principal-software-engineer-applied-science-data-science-cardlytics
Marketing Data Scientist,Recast,ğŸ‡ºğŸ‡¸ United States,4yr,https://remoteok.com/remote-jobs/107901-remote-marketing-data-scientist-recast
Machine learning engineer for large scale ML project,OneSecondDelivery,ğŸ’ƒ Latin America,4yr,https://remoteok.com/remote-jobs/106921-remote-machine-learning-engineer-for-large-scale-ml-project-oneseconddelivery
Data Scientist,Ampcontrol,ğŸŒ Worldwide,4yr,https://remoteok.com/remote-jobs/103561-remote-data-scientist-ampcontrol
Staff Data Scientist,Shopify,ğŸ‡¨ğŸ‡¦ Canada,4yr,https://remoteok.com/remote-jobs/103485-remote-staff-data-scientist-shopify
Senior Data Scientist,Shopify,ğŸ‡ºğŸ‡¸ United States,4yr,https://remoteok.com/remote-jobs/103484-remote-senior-data-scientist-shopify
Senior Data Scientist,NannyML,ğŸ‡ªğŸ‡º Europe,4yr,https://remoteok.com/remote-jobs/103333-remote-senior-data-scientist-nannyml
Technical Community Manager,Iterative,ğŸŒ Worldwide,5yr,https://remoteok.com/remote-jobs/99931-remote-technical-community-manager-iterative
Backend Developer Data Scientist,komoot,ğŸ‡ªğŸ‡º Europe,5yr,https://remoteok.com/remote-jobs/99798-remote-backend-developer-data-scientist-komoot
Marketing Data Analyst,Automattic,ğŸŒ Probably worldwide,9yr,https://remoteok.com/remote-jobs/19914-remote-marketing-data-analyst-automattic
Software Developer,EcoHealth Alliance,ğŸ‡ºğŸ‡¸ United States,11yr,https://remoteok.com/remote-jobs/3641-remote-software-developer-ecohealth-alliance
Software Developer,EcoHealth Alliance,ğŸ‡ºğŸ‡¸ United States,11yr,https://remoteok.com/remote-jobs/5392-remote-software-developer-ecohealth-alliance
DevOps Engineer,EcoHealth Alliance,ğŸ‡ºğŸ‡¸ United States,11yr,https://remoteok.com/remote-jobs/3642-remote-devops-engineer-ecohealth-alliance
DevOps Engineer,EcoHealth Alliance,ğŸ‡ºğŸ‡¸ United States,11yr,https://remoteok.com/remote-jobs/5393-remote-devops-engineer-ecohealth-alliance
